LapNumber,Compound,TyreLife,LapTime_s,PitIn,PitOut,TrackStatus,Driver
1.0,MEDIUM,1.0,2456.33,1,0,1254,LEC
3.0,HARD,2.0,84.624,0,0,1,LEC
4.0,HARD,3.0,82.625,0,0,1,LEC
5.0,HARD,4.0,81.795,0,0,1,LEC
6.0,HARD,5.0,81.145,0,0,1,LEC
7.0,HARD,6.0,80.98,0,0,1,LEC
8.0,HARD,7.0,81.03,0,0,1,LEC
9.0,HARD,8.0,80.114,0,0,1,LEC
10.0,HARD,9.0,80.775,0,0,1,LEC
11.0,HARD,10.0,81.046,0,0,1,LEC
12.0,HARD,11.0,80.252,0,0,1,LEC
13.0,HARD,12.0,79.017,0,0,1,LEC
14.0,HARD,13.0,79.913,0,0,1,LEC
15.0,HARD,14.0,79.838,0,0,1,LEC
16.0,HARD,15.0,80.156,0,0,1,LEC
17.0,HARD,16.0,80.279,0,0,1,LEC
18.0,HARD,17.0,79.58,0,0,1,LEC
19.0,HARD,18.0,78.842,0,0,1,LEC
20.0,HARD,19.0,78.724,0,0,1,LEC
21.0,HARD,20.0,78.472,0,0,1,LEC
22.0,HARD,21.0,78.62,0,0,1,LEC
23.0,HARD,22.0,78.458,0,0,1,LEC
24.0,HARD,23.0,78.725,0,0,1,LEC
25.0,HARD,24.0,78.973,0,0,1,LEC
26.0,HARD,25.0,78.445,0,0,1,LEC
27.0,HARD,26.0,78.351,0,0,1,LEC
28.0,HARD,27.0,78.71,0,0,1,LEC
29.0,HARD,28.0,79.053,0,0,1,LEC
30.0,HARD,29.0,79.935,0,0,1,LEC
31.0,HARD,30.0,78.393,0,0,1,LEC
32.0,HARD,31.0,79.125,0,0,1,LEC
33.0,HARD,32.0,78.494,0,0,1,LEC
34.0,HARD,33.0,79.319,0,0,1,LEC
35.0,HARD,34.0,78.53,0,0,1,LEC
36.0,HARD,35.0,78.689,0,0,1,LEC
37.0,HARD,36.0,78.925,0,0,1,LEC
38.0,HARD,37.0,78.528,0,0,1,LEC
39.0,HARD,38.0,78.181,0,0,1,LEC
40.0,HARD,39.0,78.733,0,0,1,LEC
41.0,HARD,40.0,78.694,0,0,1,LEC
42.0,HARD,41.0,79.277,0,0,1,LEC
43.0,HARD,42.0,77.865,0,0,1,LEC
44.0,HARD,43.0,78.276,0,0,1,LEC
45.0,HARD,44.0,78.541,0,0,1,LEC
46.0,HARD,45.0,78.567,0,0,1,LEC
47.0,HARD,46.0,79.185,0,0,1,LEC
48.0,HARD,47.0,77.941,0,0,1,LEC
49.0,HARD,48.0,78.506,0,0,1,LEC
50.0,HARD,49.0,78.185,0,0,1,LEC
51.0,HARD,50.0,77.79,0,0,1,LEC
52.0,HARD,51.0,78.311,0,0,1,LEC
53.0,HARD,52.0,77.748,0,0,12,LEC
54.0,HARD,53.0,77.357,0,0,1,LEC
55.0,HARD,54.0,77.444,0,0,1,LEC
56.0,HARD,55.0,77.266,0,0,1,LEC
57.0,HARD,56.0,77.64,0,0,1,LEC
58.0,HARD,57.0,77.028,0,0,1,LEC
59.0,HARD,58.0,77.034,0,0,1,LEC
60.0,HARD,59.0,76.414,0,0,1,LEC
61.0,HARD,60.0,76.863,0,0,1,LEC
62.0,HARD,61.0,77.454,0,0,1,LEC
63.0,HARD,62.0,76.971,0,0,1,LEC
64.0,HARD,63.0,76.56,0,0,1,LEC
65.0,HARD,64.0,76.607,0,0,1,LEC
66.0,HARD,65.0,76.489,0,0,1,LEC
67.0,HARD,66.0,75.941,0,0,1,LEC
68.0,HARD,67.0,76.082,0,0,1,LEC
69.0,HARD,68.0,76.373,0,0,1,LEC
70.0,HARD,69.0,75.767,0,0,1,LEC
71.0,HARD,70.0,75.162,0,0,1,LEC
72.0,HARD,71.0,75.547,0,0,1,LEC
73.0,HARD,72.0,76.219,0,0,1,LEC
74.0,HARD,73.0,76.105,0,0,1,LEC
75.0,HARD,74.0,76.387,0,0,1,LEC
76.0,HARD,75.0,76.808,0,0,1,LEC
77.0,HARD,76.0,76.933,0,0,1,LEC
78.0,HARD,77.0,78.636,0,0,1,LEC
1.0,MEDIUM,2.0,2458.744,1,0,1254,PIA
3.0,HARD,3.0,84.953,0,0,1,PIA
4.0,HARD,4.0,82.314,0,0,1,PIA
5.0,HARD,5.0,82.019,0,0,1,PIA
6.0,HARD,6.0,81.354,0,0,1,PIA
7.0,HARD,7.0,80.808,0,0,1,PIA
8.0,HARD,8.0,81.058,0,0,1,PIA
9.0,HARD,9.0,79.906,0,0,1,PIA
10.0,HARD,10.0,80.89,0,0,1,PIA
11.0,HARD,11.0,80.898,0,0,1,PIA
12.0,HARD,12.0,80.135,0,0,1,PIA
13.0,HARD,13.0,78.745,0,0,1,PIA
14.0,HARD,14.0,80.014,0,0,1,PIA
15.0,HARD,15.0,80.264,0,0,1,PIA
16.0,HARD,16.0,79.829,0,0,1,PIA
17.0,HARD,17.0,80.028,0,0,1,PIA
18.0,HARD,18.0,79.832,0,0,1,PIA
19.0,HARD,19.0,79.179,0,0,1,PIA
20.0,HARD,20.0,79.055,0,0,1,PIA
21.0,HARD,21.0,78.601,0,0,1,PIA
22.0,HARD,22.0,78.585,0,0,1,PIA
23.0,HARD,23.0,78.658,0,0,1,PIA
24.0,HARD,24.0,78.636,0,0,1,PIA
25.0,HARD,25.0,78.784,0,0,1,PIA
26.0,HARD,26.0,78.44,0,0,1,PIA
27.0,HARD,27.0,78.523,0,0,1,PIA
28.0,HARD,28.0,78.791,0,0,1,PIA
29.0,HARD,29.0,79.01,0,0,1,PIA
30.0,HARD,30.0,79.396,0,0,1,PIA
31.0,HARD,31.0,78.449,0,0,1,PIA
32.0,HARD,32.0,78.969,0,0,1,PIA
33.0,HARD,33.0,79.06,0,0,1,PIA
34.0,HARD,34.0,78.978,0,0,1,PIA
35.0,HARD,35.0,78.605,0,0,1,PIA
36.0,HARD,36.0,78.882,0,0,1,PIA
37.0,HARD,37.0,78.612,0,0,1,PIA
38.0,HARD,38.0,78.731,0,0,1,PIA
39.0,HARD,39.0,78.362,0,0,1,PIA
40.0,HARD,40.0,78.951,0,0,1,PIA
41.0,HARD,41.0,78.846,0,0,1,PIA
42.0,HARD,42.0,79.795,0,0,1,PIA
43.0,HARD,43.0,78.198,0,0,1,PIA
44.0,HARD,44.0,78.277,0,0,1,PIA
45.0,HARD,45.0,78.082,0,0,1,PIA
46.0,HARD,46.0,78.623,0,0,1,PIA
47.0,HARD,47.0,78.399,0,0,1,PIA
48.0,HARD,48.0,78.395,0,0,1,PIA
49.0,HARD,49.0,78.136,0,0,1,PIA
50.0,HARD,50.0,78.35,0,0,1,PIA
51.0,HARD,51.0,77.909,0,0,1,PIA
52.0,HARD,52.0,78.214,0,0,1,PIA
53.0,HARD,53.0,77.609,0,0,12,PIA
54.0,HARD,54.0,77.362,0,0,1,PIA
55.0,HARD,55.0,77.445,0,0,1,PIA
56.0,HARD,56.0,77.456,0,0,1,PIA
57.0,HARD,57.0,77.3,0,0,1,PIA
58.0,HARD,58.0,77.344,0,0,1,PIA
59.0,HARD,59.0,77.042,0,0,1,PIA
60.0,HARD,60.0,76.617,0,0,1,PIA
61.0,HARD,61.0,76.771,0,0,1,PIA
62.0,HARD,62.0,77.095,0,0,1,PIA
63.0,HARD,63.0,76.921,0,0,1,PIA
64.0,HARD,64.0,76.909,0,0,1,PIA
65.0,HARD,65.0,76.391,0,0,1,PIA
66.0,HARD,66.0,76.64,0,0,1,PIA
67.0,HARD,67.0,76.596,0,0,1,PIA
68.0,HARD,68.0,76.601,0,0,1,PIA
69.0,HARD,69.0,77.371,0,0,1,PIA
70.0,HARD,70.0,77.27,0,0,1,PIA
71.0,HARD,71.0,77.184,0,0,1,PIA
72.0,HARD,72.0,76.652,0,0,1,PIA
73.0,HARD,73.0,76.281,0,0,1,PIA
74.0,HARD,74.0,76.356,0,0,1,PIA
75.0,HARD,75.0,76.644,0,0,1,PIA
76.0,HARD,76.0,76.59,0,0,1,PIA
77.0,HARD,77.0,76.734,0,0,1,PIA
78.0,HARD,78.0,77.126,0,0,1,PIA
1.0,MEDIUM,1.0,2462.721,1,0,1254,SAI
3.0,HARD,2.0,85.012,0,0,1,SAI
4.0,HARD,3.0,82.358,0,0,1,SAI
5.0,HARD,4.0,81.978,0,0,1,SAI
6.0,HARD,5.0,81.163,0,0,1,SAI
7.0,HARD,6.0,81.466,0,0,1,SAI
8.0,HARD,7.0,80.272,0,0,1,SAI
9.0,HARD,8.0,80.525,0,0,1,SAI
10.0,HARD,9.0,81.259,0,0,1,SAI
11.0,HARD,10.0,80.246,0,0,1,SAI
12.0,HARD,11.0,79.974,0,0,1,SAI
13.0,HARD,12.0,80.017,0,0,1,SAI
14.0,HARD,13.0,79.48,0,0,1,SAI
15.0,HARD,14.0,79.543,0,0,1,SAI
16.0,HARD,15.0,80.579,0,0,1,SAI
17.0,HARD,16.0,80.076,0,0,1,SAI
18.0,HARD,17.0,79.177,0,0,1,SAI
19.0,HARD,18.0,79.445,0,0,1,SAI
20.0,HARD,19.0,79.403,0,0,1,SAI
21.0,HARD,20.0,78.917,0,0,1,SAI
22.0,HARD,21.0,78.889,0,0,1,SAI
23.0,HARD,22.0,78.993,0,0,1,SAI
24.0,HARD,23.0,78.568,0,0,1,SAI
25.0,HARD,24.0,78.537,0,0,1,SAI
26.0,HARD,25.0,78.088,0,0,1,SAI
27.0,HARD,26.0,79.49,0,0,1,SAI
28.0,HARD,27.0,79.281,0,0,1,SAI
29.0,HARD,28.0,78.697,0,0,1,SAI
30.0,HARD,29.0,77.326,0,0,1,SAI
31.0,HARD,30.0,79.784,0,0,1,SAI
32.0,HARD,31.0,80.136,0,0,1,SAI
33.0,HARD,32.0,78.778,0,0,1,SAI
34.0,HARD,33.0,79.013,0,0,1,SAI
35.0,HARD,34.0,78.465,0,0,1,SAI
36.0,HARD,35.0,79.275,0,0,1,SAI
37.0,HARD,36.0,77.577,0,0,1,SAI
38.0,HARD,37.0,78.412,0,0,1,SAI
39.0,HARD,38.0,78.31,0,0,1,SAI
40.0,HARD,39.0,78.653,0,0,1,SAI
41.0,HARD,40.0,78.714,0,0,1,SAI
42.0,HARD,41.0,79.171,0,0,1,SAI
43.0,HARD,42.0,79.594,0,0,1,SAI
44.0,HARD,43.0,78.762,0,0,1,SAI
45.0,HARD,44.0,77.885,0,0,1,SAI
46.0,HARD,45.0,78.731,0,0,1,SAI
47.0,HARD,46.0,78.141,0,0,1,SAI
48.0,HARD,47.0,77.894,0,0,1,SAI
49.0,HARD,48.0,78.259,0,0,1,SAI
50.0,HARD,49.0,78.545,0,0,1,SAI
51.0,HARD,50.0,77.528,0,0,1,SAI
52.0,HARD,51.0,78.094,0,0,1,SAI
53.0,HARD,52.0,77.759,0,0,12,SAI
54.0,HARD,53.0,77.742,0,0,1,SAI
55.0,HARD,54.0,78.661,0,0,1,SAI
56.0,HARD,55.0,78.119,0,0,1,SAI
57.0,HARD,56.0,77.599,0,0,1,SAI
58.0,HARD,57.0,77.501,0,0,1,SAI
59.0,HARD,58.0,77.134,0,0,1,SAI
60.0,HARD,59.0,75.159,0,0,1,SAI
61.0,HARD,60.0,79.046,0,0,1,SAI
62.0,HARD,61.0,74.726,0,0,1,SAI
63.0,HARD,62.0,78.207,0,0,1,SAI
64.0,HARD,63.0,74.813,0,0,1,SAI
65.0,HARD,64.0,78.137,0,0,1,SAI
66.0,HARD,65.0,75.409,0,0,1,SAI
67.0,HARD,66.0,76.847,0,0,1,SAI
68.0,HARD,67.0,75.595,0,0,1,SAI
69.0,HARD,68.0,76.218,0,0,1,SAI
70.0,HARD,69.0,77.117,0,0,1,SAI
71.0,HARD,70.0,77.214,0,0,1,SAI
72.0,HARD,71.0,76.785,0,0,1,SAI
73.0,HARD,72.0,76.417,0,0,1,SAI
74.0,HARD,73.0,76.063,0,0,1,SAI
75.0,HARD,74.0,76.905,0,0,1,SAI
76.0,HARD,75.0,76.328,0,0,1,SAI
77.0,HARD,76.0,76.701,0,0,1,SAI
78.0,HARD,77.0,77.072,0,0,1,SAI
1.0,MEDIUM,2.0,2468.042,1,0,1254,NOR
3.0,HARD,3.0,85.283,0,0,1,NOR
4.0,HARD,4.0,82.782,0,0,1,NOR
5.0,HARD,5.0,82.147,0,0,1,NOR
6.0,HARD,6.0,81.804,0,0,1,NOR
7.0,HARD,7.0,80.828,0,0,1,NOR
8.0,HARD,8.0,80.82,0,0,1,NOR
9.0,HARD,9.0,80.397,0,0,1,NOR
10.0,HARD,10.0,80.972,0,0,1,NOR
11.0,HARD,11.0,80.87,0,0,1,NOR
12.0,HARD,12.0,79.933,0,0,1,NOR
13.0,HARD,13.0,79.82,0,0,1,NOR
14.0,HARD,14.0,79.385,0,0,1,NOR
15.0,HARD,15.0,79.775,0,0,1,NOR
16.0,HARD,16.0,79.637,0,0,1,NOR
17.0,HARD,17.0,80.337,0,0,1,NOR
18.0,HARD,18.0,79.398,0,0,1,NOR
19.0,HARD,19.0,79.28,0,0,1,NOR
20.0,HARD,20.0,79.043,0,0,1,NOR
21.0,HARD,21.0,78.983,0,0,1,NOR
22.0,HARD,22.0,78.981,0,0,1,NOR
23.0,HARD,23.0,79.194,0,0,1,NOR
24.0,HARD,24.0,78.699,0,0,1,NOR
25.0,HARD,25.0,78.64,0,0,1,NOR
26.0,HARD,26.0,78.396,0,0,1,NOR
27.0,HARD,27.0,78.72,0,0,1,NOR
28.0,HARD,28.0,79.238,0,0,1,NOR
29.0,HARD,29.0,78.766,0,0,1,NOR
30.0,HARD,30.0,78.403,0,0,1,NOR
31.0,HARD,31.0,78.78,0,0,1,NOR
32.0,HARD,32.0,79.538,0,0,1,NOR
33.0,HARD,33.0,79.233,0,0,1,NOR
34.0,HARD,34.0,79.243,0,0,1,NOR
35.0,HARD,35.0,78.714,0,0,1,NOR
36.0,HARD,36.0,78.582,0,0,1,NOR
37.0,HARD,37.0,77.958,0,0,1,NOR
38.0,HARD,38.0,77.994,0,0,1,NOR
39.0,HARD,39.0,78.303,0,0,1,NOR
40.0,HARD,40.0,78.824,0,0,1,NOR
41.0,HARD,41.0,78.519,0,0,1,NOR
42.0,HARD,42.0,79.436,0,0,1,NOR
43.0,HARD,43.0,79.796,0,0,1,NOR
44.0,HARD,44.0,78.906,0,0,1,NOR
45.0,HARD,45.0,77.897,0,0,1,NOR
46.0,HARD,46.0,78.215,0,0,1,NOR
47.0,HARD,47.0,78.141,0,0,1,NOR
48.0,HARD,48.0,77.975,0,0,1,NOR
49.0,HARD,49.0,78.177,0,0,1,NOR
50.0,HARD,50.0,78.218,0,0,1,NOR
51.0,HARD,51.0,77.772,0,0,1,NOR
52.0,HARD,52.0,78.223,0,0,1,NOR
53.0,HARD,53.0,77.57,0,0,12,NOR
54.0,HARD,54.0,77.838,0,0,1,NOR
55.0,HARD,55.0,78.382,0,0,1,NOR
56.0,HARD,56.0,78.155,0,0,1,NOR
57.0,HARD,57.0,77.815,0,0,1,NOR
58.0,HARD,58.0,77.395,0,0,1,NOR
59.0,HARD,59.0,77.122,0,0,1,NOR
60.0,HARD,60.0,76.695,0,0,1,NOR
61.0,HARD,61.0,77.614,0,0,1,NOR
62.0,HARD,62.0,76.026,0,0,1,NOR
63.0,HARD,63.0,76.876,0,0,1,NOR
64.0,HARD,64.0,75.742,0,0,1,NOR
65.0,HARD,65.0,77.143,0,0,1,NOR
66.0,HARD,66.0,76.214,0,0,1,NOR
67.0,HARD,67.0,76.115,0,0,1,NOR
68.0,HARD,68.0,76.172,0,0,1,NOR
69.0,HARD,69.0,76.314,0,0,1,NOR
70.0,HARD,70.0,77.213,0,0,1,NOR
71.0,HARD,71.0,76.609,0,0,1,NOR
72.0,HARD,72.0,76.801,0,0,1,NOR
73.0,HARD,73.0,76.285,0,0,1,NOR
74.0,HARD,74.0,76.429,0,0,1,NOR
75.0,HARD,75.0,76.517,0,0,1,NOR
76.0,HARD,76.0,76.671,0,0,1,NOR
77.0,HARD,77.0,76.512,0,0,1,NOR
78.0,HARD,78.0,77.296,0,0,1,NOR
1.0,HARD,1.0,2473.884,1,0,1254,RUS
3.0,MEDIUM,2.0,85.319,0,0,1,RUS
4.0,MEDIUM,3.0,82.868,0,0,1,RUS
5.0,MEDIUM,4.0,83.045,0,0,1,RUS
6.0,MEDIUM,5.0,83.012,0,0,1,RUS
7.0,MEDIUM,6.0,81.415,0,0,1,RUS
8.0,MEDIUM,7.0,81.612,0,0,1,RUS
9.0,MEDIUM,8.0,81.433,0,0,1,RUS
10.0,MEDIUM,9.0,81.531,0,0,1,RUS
11.0,MEDIUM,10.0,81.452,0,0,1,RUS
12.0,MEDIUM,11.0,80.316,0,0,1,RUS
13.0,MEDIUM,12.0,80.525,0,0,1,RUS
14.0,MEDIUM,13.0,80.272,0,0,1,RUS
15.0,MEDIUM,14.0,80.202,0,0,1,RUS
16.0,MEDIUM,15.0,79.913,0,0,1,RUS
17.0,MEDIUM,16.0,80.15,0,0,1,RUS
18.0,MEDIUM,17.0,79.438,0,0,1,RUS
19.0,MEDIUM,18.0,80.157,0,0,1,RUS
20.0,MEDIUM,19.0,80.053,0,0,1,RUS
21.0,MEDIUM,20.0,79.788,0,0,1,RUS
22.0,MEDIUM,21.0,79.691,0,0,1,RUS
23.0,MEDIUM,22.0,79.397,0,0,1,RUS
24.0,MEDIUM,23.0,79.484,0,0,1,RUS
25.0,MEDIUM,24.0,78.651,0,0,1,RUS
26.0,MEDIUM,25.0,79.006,0,0,1,RUS
27.0,MEDIUM,26.0,78.927,0,0,1,RUS
28.0,MEDIUM,27.0,78.679,0,0,1,RUS
29.0,MEDIUM,28.0,78.624,0,0,1,RUS
30.0,MEDIUM,29.0,78.811,0,0,1,RUS
31.0,MEDIUM,30.0,79.101,0,0,1,RUS
32.0,MEDIUM,31.0,79.122,0,0,1,RUS
33.0,MEDIUM,32.0,78.91,0,0,1,RUS
34.0,MEDIUM,33.0,79.379,0,0,1,RUS
35.0,MEDIUM,34.0,80.448,0,0,1,RUS
36.0,MEDIUM,35.0,79.728,0,0,1,RUS
37.0,MEDIUM,36.0,78.757,0,0,1,RUS
38.0,MEDIUM,37.0,78.446,0,0,1,RUS
39.0,MEDIUM,38.0,78.45,0,0,1,RUS
40.0,MEDIUM,39.0,78.139,0,0,1,RUS
41.0,MEDIUM,40.0,78.308,0,0,1,RUS
42.0,MEDIUM,41.0,78.204,0,0,1,RUS
43.0,MEDIUM,42.0,78.684,0,0,1,RUS
44.0,MEDIUM,43.0,78.177,0,0,1,RUS
45.0,MEDIUM,44.0,78.449,0,0,1,RUS
46.0,MEDIUM,45.0,78.387,0,0,1,RUS
47.0,MEDIUM,46.0,78.314,0,0,1,RUS
48.0,MEDIUM,47.0,78.702,0,0,1,RUS
49.0,MEDIUM,48.0,78.985,0,0,1,RUS
50.0,MEDIUM,49.0,78.447,0,0,1,RUS
51.0,MEDIUM,50.0,78.049,0,0,1,RUS
52.0,MEDIUM,51.0,78.602,0,0,12,RUS
53.0,MEDIUM,52.0,80.891,0,0,21,RUS
54.0,MEDIUM,53.0,78.201,0,0,1,RUS
55.0,MEDIUM,54.0,77.305,0,0,1,RUS
56.0,MEDIUM,55.0,77.071,0,0,1,RUS
57.0,MEDIUM,56.0,76.91,0,0,1,RUS
58.0,MEDIUM,57.0,77.142,0,0,1,RUS
59.0,MEDIUM,58.0,76.842,0,0,1,RUS
60.0,MEDIUM,59.0,76.604,0,0,1,RUS
61.0,MEDIUM,60.0,76.697,0,0,1,RUS
62.0,MEDIUM,61.0,76.787,0,0,1,RUS
63.0,MEDIUM,62.0,76.581,0,0,1,RUS
64.0,MEDIUM,63.0,76.133,0,0,1,RUS
65.0,MEDIUM,64.0,75.651,0,0,1,RUS
66.0,MEDIUM,65.0,75.848,0,0,1,RUS
67.0,MEDIUM,66.0,76.157,0,0,1,RUS
68.0,MEDIUM,67.0,75.931,0,0,1,RUS
69.0,MEDIUM,68.0,75.869,0,0,1,RUS
70.0,MEDIUM,69.0,75.251,0,0,1,RUS
71.0,MEDIUM,70.0,75.827,0,0,1,RUS
72.0,MEDIUM,71.0,75.839,0,0,1,RUS
73.0,MEDIUM,72.0,75.228,0,0,1,RUS
74.0,MEDIUM,73.0,75.376,0,0,1,RUS
75.0,MEDIUM,74.0,75.525,0,0,1,RUS
76.0,MEDIUM,75.0,75.753,0,0,1,RUS
77.0,MEDIUM,76.0,75.532,0,0,1,RUS
78.0,MEDIUM,77.0,76.303,0,0,1,RUS
1.0,HARD,1.0,2478.944,1,0,1254,VER
3.0,MEDIUM,2.0,85.744,0,0,1,VER
4.0,MEDIUM,3.0,83.275,0,0,1,VER
5.0,MEDIUM,4.0,83.4,0,0,1,VER
6.0,MEDIUM,5.0,83.787,0,0,1,VER
7.0,MEDIUM,6.0,81.283,0,0,1,VER
8.0,MEDIUM,7.0,81.657,0,0,1,VER
9.0,MEDIUM,8.0,81.74,0,0,1,VER
10.0,MEDIUM,9.0,81.244,0,0,1,VER
11.0,MEDIUM,10.0,81.492,0,0,1,VER
12.0,MEDIUM,11.0,80.659,0,0,1,VER
13.0,MEDIUM,12.0,79.904,0,0,1,VER
14.0,MEDIUM,13.0,79.723,0,0,1,VER
15.0,MEDIUM,14.0,80.37,0,0,1,VER
16.0,MEDIUM,15.0,80.287,0,0,1,VER
17.0,MEDIUM,16.0,79.898,0,0,1,VER
18.0,MEDIUM,17.0,79.58,0,0,1,VER
19.0,MEDIUM,18.0,80.171,0,0,1,VER
20.0,MEDIUM,19.0,79.886,0,0,1,VER
21.0,MEDIUM,20.0,80.255,0,0,1,VER
22.0,MEDIUM,21.0,79.813,0,0,1,VER
23.0,MEDIUM,22.0,78.979,0,0,1,VER
24.0,MEDIUM,23.0,79.364,0,0,1,VER
25.0,MEDIUM,24.0,79.38,0,0,1,VER
26.0,MEDIUM,25.0,78.818,0,0,1,VER
27.0,MEDIUM,26.0,78.797,0,0,1,VER
28.0,MEDIUM,27.0,78.682,0,0,1,VER
29.0,MEDIUM,28.0,78.795,0,0,1,VER
30.0,MEDIUM,29.0,78.574,0,0,1,VER
31.0,MEDIUM,30.0,78.564,0,0,1,VER
32.0,MEDIUM,31.0,78.983,0,0,1,VER
33.0,MEDIUM,32.0,79.005,0,0,1,VER
34.0,MEDIUM,33.0,79.594,0,0,1,VER
35.0,MEDIUM,34.0,80.207,0,0,1,VER
36.0,MEDIUM,35.0,79.634,0,0,1,VER
37.0,MEDIUM,36.0,79.429,0,0,1,VER
38.0,MEDIUM,37.0,78.844,0,0,1,VER
39.0,MEDIUM,38.0,78.326,0,0,1,VER
40.0,MEDIUM,39.0,78.409,0,0,1,VER
41.0,MEDIUM,40.0,78.083,0,0,1,VER
42.0,MEDIUM,41.0,78.074,0,0,1,VER
43.0,MEDIUM,42.0,78.358,0,0,1,VER
44.0,MEDIUM,43.0,78.405,0,0,1,VER
45.0,MEDIUM,44.0,78.313,0,0,1,VER
46.0,MEDIUM,45.0,78.203,0,0,1,VER
47.0,MEDIUM,46.0,78.537,0,0,1,VER
48.0,MEDIUM,47.0,78.337,0,0,1,VER
49.0,MEDIUM,48.0,78.477,0,0,1,VER
50.0,MEDIUM,49.0,78.88,0,0,1,VER
51.0,MEDIUM,50.0,78.142,0,0,1,VER
52.0,MEDIUM,51.0,93.905,1,0,12,VER
53.0,HARD,2.0,78.724,0,1,1,VER
54.0,HARD,3.0,75.815,0,0,1,VER
55.0,HARD,4.0,75.398,0,0,1,VER
56.0,HARD,5.0,75.466,0,0,1,VER
57.0,HARD,6.0,76.181,0,0,1,VER
58.0,HARD,7.0,74.569,0,0,1,VER
59.0,HARD,8.0,74.748,0,0,1,VER
60.0,HARD,9.0,75.238,0,0,1,VER
61.0,HARD,10.0,75.121,0,0,1,VER
62.0,HARD,11.0,76.561,0,0,1,VER
63.0,HARD,12.0,76.547,0,0,1,VER
64.0,HARD,13.0,76.619,0,0,1,VER
65.0,HARD,14.0,75.468,0,0,1,VER
66.0,HARD,15.0,76.121,0,0,1,VER
67.0,HARD,16.0,76.276,0,0,1,VER
68.0,HARD,17.0,75.954,0,0,1,VER
69.0,HARD,18.0,75.463,0,0,1,VER
70.0,HARD,19.0,75.449,0,0,1,VER
71.0,HARD,20.0,75.659,0,0,1,VER
72.0,HARD,21.0,75.733,0,0,1,VER
73.0,HARD,22.0,75.436,0,0,1,VER
74.0,HARD,23.0,75.38,0,0,1,VER
75.0,HARD,24.0,75.396,0,0,1,VER
76.0,HARD,25.0,75.641,0,0,1,VER
77.0,HARD,26.0,75.543,0,0,1,VER
78.0,HARD,27.0,76.248,0,0,1,VER
1.0,HARD,1.0,2483.804,1,0,1254,HAM
3.0,MEDIUM,2.0,87.058,0,0,1,HAM
4.0,MEDIUM,3.0,83.376,0,0,1,HAM
5.0,MEDIUM,4.0,83.64,0,0,1,HAM
6.0,MEDIUM,5.0,83.369,0,0,1,HAM
7.0,MEDIUM,6.0,81.463,0,0,1,HAM
8.0,MEDIUM,7.0,81.612,0,0,1,HAM
9.0,MEDIUM,8.0,81.851,0,0,1,HAM
10.0,MEDIUM,9.0,81.437,0,0,1,HAM
11.0,MEDIUM,10.0,81.325,0,0,1,HAM
12.0,MEDIUM,11.0,81.164,0,0,1,HAM
13.0,MEDIUM,12.0,80.171,0,0,1,HAM
14.0,MEDIUM,13.0,80.126,0,0,1,HAM
15.0,MEDIUM,14.0,79.971,0,0,1,HAM
16.0,MEDIUM,15.0,80.384,0,0,1,HAM
17.0,MEDIUM,16.0,79.738,0,0,1,HAM
18.0,MEDIUM,17.0,80.037,0,0,1,HAM
19.0,MEDIUM,18.0,79.874,0,0,1,HAM
20.0,MEDIUM,19.0,80.504,0,0,1,HAM
21.0,MEDIUM,20.0,79.76,0,0,1,HAM
22.0,MEDIUM,21.0,80.59,0,0,1,HAM
23.0,MEDIUM,22.0,79.089,0,0,1,HAM
24.0,MEDIUM,23.0,78.785,0,0,1,HAM
25.0,MEDIUM,24.0,79.342,0,0,1,HAM
26.0,MEDIUM,25.0,79.862,0,0,1,HAM
27.0,MEDIUM,26.0,78.549,0,0,1,HAM
28.0,MEDIUM,27.0,78.587,0,0,1,HAM
29.0,MEDIUM,28.0,78.94,0,0,1,HAM
30.0,MEDIUM,29.0,78.371,0,0,1,HAM
31.0,MEDIUM,30.0,78.471,0,0,1,HAM
32.0,MEDIUM,31.0,78.618,0,0,1,HAM
33.0,MEDIUM,32.0,78.746,0,0,1,HAM
34.0,MEDIUM,33.0,78.86,0,0,1,HAM
35.0,MEDIUM,34.0,79.518,0,0,1,HAM
36.0,MEDIUM,35.0,80.648,0,0,1,HAM
37.0,MEDIUM,36.0,78.605,0,0,1,HAM
38.0,MEDIUM,37.0,80.514,0,0,1,HAM
39.0,MEDIUM,38.0,78.943,0,0,1,HAM
40.0,MEDIUM,39.0,78.673,0,0,1,HAM
41.0,MEDIUM,40.0,78.946,0,0,1,HAM
42.0,MEDIUM,41.0,77.542,0,0,1,HAM
43.0,MEDIUM,42.0,77.867,0,0,1,HAM
44.0,MEDIUM,43.0,78.225,0,0,1,HAM
45.0,MEDIUM,44.0,78.156,0,0,1,HAM
46.0,MEDIUM,45.0,78.104,0,0,1,HAM
47.0,MEDIUM,46.0,78.331,0,0,1,HAM
48.0,MEDIUM,47.0,77.831,0,0,1,HAM
49.0,MEDIUM,48.0,77.398,0,0,1,HAM
50.0,MEDIUM,49.0,78.461,0,0,1,HAM
51.0,MEDIUM,50.0,95.209,1,0,1,HAM
52.0,HARD,2.0,79.702,0,1,12,HAM
53.0,HARD,3.0,76.458,0,0,1,HAM
54.0,HARD,4.0,76.388,0,0,1,HAM
55.0,HARD,5.0,76.492,0,0,1,HAM
56.0,HARD,6.0,74.423,0,0,1,HAM
57.0,HARD,7.0,77.857,0,0,1,HAM
58.0,HARD,8.0,76.855,0,0,1,HAM
59.0,HARD,9.0,74.204,0,0,1,HAM
60.0,HARD,10.0,75.848,0,0,1,HAM
61.0,HARD,11.0,75.274,0,0,1,HAM
62.0,HARD,12.0,75.414,0,0,1,HAM
63.0,HARD,13.0,74.165,0,0,1,HAM
64.0,HARD,14.0,76.164,0,0,1,HAM
65.0,HARD,15.0,75.19,0,0,1,HAM
66.0,HARD,16.0,75.342,0,0,1,HAM
67.0,HARD,17.0,76.117,0,0,1,HAM
68.0,HARD,18.0,75.836,0,0,1,HAM
69.0,HARD,19.0,75.648,0,0,1,HAM
70.0,HARD,20.0,75.638,0,0,1,HAM
71.0,HARD,21.0,75.643,0,0,1,HAM
72.0,HARD,22.0,75.468,0,0,1,HAM
73.0,HARD,23.0,75.134,0,0,1,HAM
74.0,HARD,24.0,75.324,0,0,1,HAM
75.0,HARD,25.0,75.324,0,0,1,HAM
76.0,HARD,26.0,75.245,0,0,1,HAM
77.0,HARD,27.0,75.697,0,0,1,HAM
78.0,HARD,28.0,76.355,0,0,1,HAM
1.0,MEDIUM,1.0,2488.609,1,0,1254,TSU
2.0,HARD,2.0,148.277,0,1,41,TSU
3.0,HARD,3.0,87.563,0,0,1,TSU
4.0,HARD,4.0,83.327,0,0,1,TSU
5.0,HARD,5.0,83.493,0,0,1,TSU
6.0,HARD,6.0,83.224,0,0,1,TSU
7.0,HARD,7.0,81.826,0,0,1,TSU
8.0,HARD,8.0,81.651,0,0,1,TSU
9.0,HARD,9.0,81.896,0,0,1,TSU
10.0,HARD,10.0,81.591,0,0,1,TSU
11.0,HARD,11.0,81.289,0,0,1,TSU
12.0,HARD,12.0,81.089,0,0,1,TSU
13.0,HARD,13.0,80.682,0,0,1,TSU
14.0,HARD,14.0,81.249,0,0,1,TSU
15.0,HARD,15.0,80.099,0,0,1,TSU
16.0,HARD,16.0,80.847,0,0,1,TSU
17.0,HARD,17.0,80.335,0,0,1,TSU
18.0,HARD,18.0,80.612,0,0,1,TSU
19.0,HARD,19.0,80.77,0,0,1,TSU
20.0,HARD,20.0,79.991,0,0,1,TSU
21.0,HARD,21.0,80.557,0,0,1,TSU
22.0,HARD,22.0,80.875,0,0,1,TSU
23.0,HARD,23.0,80.45,0,0,1,TSU
24.0,HARD,24.0,80.386,0,0,1,TSU
25.0,HARD,25.0,80.329,0,0,1,TSU
26.0,HARD,26.0,80.448,0,0,1,TSU
27.0,HARD,27.0,80.286,0,0,1,TSU
28.0,HARD,28.0,80.184,0,0,1,TSU
29.0,HARD,29.0,79.837,0,0,1,TSU
30.0,HARD,30.0,80.495,0,0,1,TSU
31.0,HARD,31.0,80.19,0,0,1,TSU
32.0,HARD,32.0,81.023,0,0,1,TSU
33.0,HARD,33.0,80.749,0,0,1,TSU
34.0,HARD,34.0,79.153,0,0,1,TSU
35.0,HARD,35.0,78.973,0,0,1,TSU
36.0,HARD,36.0,79.472,0,0,1,TSU
37.0,HARD,37.0,80.071,0,0,1,TSU
38.0,HARD,38.0,80.117,0,0,1,TSU
39.0,HARD,39.0,79.855,0,0,1,TSU
40.0,HARD,40.0,79.745,0,0,1,TSU
41.0,HARD,41.0,80.772,0,0,1,TSU
42.0,HARD,42.0,80.32,0,0,1,TSU
43.0,HARD,43.0,80.135,0,0,1,TSU
44.0,HARD,44.0,80.394,0,0,1,TSU
45.0,HARD,45.0,80.144,0,0,1,TSU
46.0,HARD,46.0,80.294,0,0,1,TSU
47.0,HARD,47.0,80.426,0,0,1,TSU
48.0,HARD,48.0,80.543,0,0,1,TSU
49.0,HARD,49.0,80.109,0,0,1,TSU
50.0,HARD,50.0,79.553,0,0,1,TSU
51.0,HARD,51.0,78.64,0,0,1,TSU
52.0,HARD,52.0,80.114,0,0,12,TSU
53.0,HARD,53.0,79.854,0,0,1,TSU
54.0,HARD,54.0,85.77,0,0,1,TSU
55.0,HARD,55.0,79.781,0,0,1,TSU
56.0,HARD,56.0,78.502,0,0,1,TSU
57.0,HARD,57.0,78.499,0,0,1,TSU
58.0,HARD,58.0,78.737,0,0,1,TSU
59.0,HARD,59.0,78.035,0,0,1,TSU
60.0,HARD,60.0,79.659,0,0,1,TSU
61.0,HARD,61.0,80.298,0,0,1,TSU
62.0,HARD,62.0,79.375,0,0,1,TSU
63.0,HARD,63.0,83.218,0,0,1,TSU
64.0,HARD,64.0,77.631,0,0,1,TSU
65.0,HARD,65.0,77.019,0,0,1,TSU
66.0,HARD,66.0,78.197,0,0,1,TSU
67.0,HARD,67.0,78.148,0,0,1,TSU
68.0,HARD,68.0,78.209,0,0,1,TSU
69.0,HARD,69.0,80.032,0,0,1,TSU
70.0,HARD,70.0,79.347,0,0,1,TSU
71.0,HARD,71.0,78.258,0,0,1,TSU
72.0,HARD,72.0,77.079,0,0,1,TSU
73.0,HARD,73.0,75.955,0,0,1,TSU
74.0,HARD,74.0,75.462,0,0,1,TSU
75.0,HARD,75.0,74.992,0,0,1,TSU
76.0,HARD,76.0,75.205,0,0,1,TSU
77.0,HARD,77.0,74.72,0,0,1,TSU
1.0,MEDIUM,1.0,2494.817,1,0,1254,ALB
2.0,HARD,1.0,142.255,0,1,41,ALB
3.0,HARD,2.0,87.834,0,0,1,ALB
4.0,HARD,3.0,83.286,0,0,1,ALB
5.0,HARD,4.0,83.369,0,0,1,ALB
6.0,HARD,5.0,83.416,0,0,1,ALB
7.0,HARD,6.0,81.913,0,0,1,ALB
8.0,HARD,7.0,81.536,0,0,1,ALB
9.0,HARD,8.0,82.004,0,0,1,ALB
10.0,HARD,9.0,81.562,0,0,1,ALB
11.0,HARD,10.0,81.514,0,0,1,ALB
12.0,HARD,11.0,80.821,0,0,1,ALB
13.0,HARD,12.0,81.42,0,0,1,ALB
14.0,HARD,13.0,80.591,0,0,1,ALB
15.0,HARD,14.0,80.591,0,0,1,ALB
16.0,HARD,15.0,80.793,0,0,1,ALB
17.0,HARD,16.0,81.137,0,0,1,ALB
18.0,HARD,17.0,80.042,0,0,1,ALB
19.0,HARD,18.0,80.245,0,0,1,ALB
20.0,HARD,19.0,80.36,0,0,1,ALB
21.0,HARD,20.0,80.937,0,0,1,ALB
22.0,HARD,21.0,80.542,0,0,1,ALB
23.0,HARD,22.0,80.143,0,0,1,ALB
24.0,HARD,23.0,80.517,0,0,1,ALB
25.0,HARD,24.0,80.323,0,0,1,ALB
26.0,HARD,25.0,80.463,0,0,1,ALB
27.0,HARD,26.0,80.509,0,0,1,ALB
28.0,HARD,27.0,79.51,0,0,1,ALB
29.0,HARD,28.0,80.271,0,0,1,ALB
30.0,HARD,29.0,81.439,0,0,1,ALB
31.0,HARD,30.0,80.941,0,0,1,ALB
32.0,HARD,31.0,80.148,0,0,1,ALB
33.0,HARD,32.0,79.491,0,0,1,ALB
34.0,HARD,33.0,79.134,0,0,1,ALB
35.0,HARD,34.0,78.816,0,0,1,ALB
36.0,HARD,35.0,81.628,0,0,1,ALB
37.0,HARD,36.0,80.775,0,0,1,ALB
38.0,HARD,37.0,80.314,0,0,1,ALB
39.0,HARD,38.0,80.389,0,0,1,ALB
40.0,HARD,39.0,79.812,0,0,1,ALB
41.0,HARD,40.0,79.329,0,0,1,ALB
42.0,HARD,41.0,80.084,0,0,1,ALB
43.0,HARD,42.0,79.496,0,0,1,ALB
44.0,HARD,43.0,79.683,0,0,1,ALB
45.0,HARD,44.0,81.748,0,0,1,ALB
46.0,HARD,45.0,80.594,0,0,1,ALB
47.0,HARD,46.0,80.462,0,0,1,ALB
48.0,HARD,47.0,79.321,0,0,1,ALB
49.0,HARD,48.0,79.378,0,0,1,ALB
50.0,HARD,49.0,79.268,0,0,1,ALB
51.0,HARD,50.0,78.863,0,0,1,ALB
52.0,HARD,51.0,81.554,0,0,12,ALB
53.0,HARD,52.0,80.7,0,0,1,ALB
54.0,HARD,53.0,83.647,0,0,1,ALB
55.0,HARD,54.0,79.085,0,0,1,ALB
56.0,HARD,55.0,78.796,0,0,1,ALB
57.0,HARD,56.0,78.271,0,0,1,ALB
58.0,HARD,57.0,78.69,0,0,1,ALB
59.0,HARD,58.0,78.201,0,0,1,ALB
60.0,HARD,59.0,79.533,0,0,1,ALB
61.0,HARD,60.0,80.222,0,0,1,ALB
62.0,HARD,61.0,79.506,0,0,1,ALB
63.0,HARD,62.0,83.085,0,0,1,ALB
64.0,HARD,63.0,77.911,0,0,1,ALB
65.0,HARD,64.0,77.261,0,0,1,ALB
66.0,HARD,65.0,78.003,0,0,1,ALB
67.0,HARD,66.0,77.874,0,0,1,ALB
68.0,HARD,67.0,78.385,0,0,1,ALB
69.0,HARD,68.0,79.921,0,0,1,ALB
70.0,HARD,69.0,79.37,0,0,1,ALB
71.0,HARD,70.0,78.957,0,0,1,ALB
72.0,HARD,71.0,78.165,0,0,1,ALB
73.0,HARD,72.0,78.432,0,0,1,ALB
74.0,HARD,73.0,78.014,0,0,1,ALB
75.0,HARD,74.0,77.85,0,0,1,ALB
76.0,HARD,75.0,77.279,0,0,1,ALB
77.0,HARD,76.0,77.06,0,0,1,ALB
1.0,HARD,1.0,2497.695,1,0,1254,GAS
2.0,MEDIUM,1.0,139.618,0,1,41,GAS
3.0,MEDIUM,2.0,88.269,0,0,1,GAS
4.0,MEDIUM,3.0,83.269,0,0,1,GAS
5.0,MEDIUM,4.0,83.428,0,0,1,GAS
6.0,MEDIUM,5.0,83.106,0,0,1,GAS
7.0,MEDIUM,6.0,82.233,0,0,1,GAS
8.0,MEDIUM,7.0,81.6,0,0,1,GAS
9.0,MEDIUM,8.0,82.071,0,0,1,GAS
10.0,MEDIUM,9.0,81.394,0,0,1,GAS
11.0,MEDIUM,10.0,81.298,0,0,1,GAS
12.0,MEDIUM,11.0,81.289,0,0,1,GAS
13.0,MEDIUM,12.0,81.53,0,0,1,GAS
14.0,MEDIUM,13.0,79.92,0,0,1,GAS
15.0,MEDIUM,14.0,81.066,0,0,1,GAS
16.0,MEDIUM,15.0,81.054,0,0,1,GAS
17.0,MEDIUM,16.0,81.961,0,0,1,GAS
18.0,MEDIUM,17.0,80.797,0,0,1,GAS
19.0,MEDIUM,18.0,79.904,0,0,1,GAS
20.0,MEDIUM,19.0,80.255,0,0,1,GAS
21.0,MEDIUM,20.0,79.876,0,0,1,GAS
22.0,MEDIUM,21.0,80.554,0,0,1,GAS
23.0,MEDIUM,22.0,81.306,0,0,1,GAS
24.0,MEDIUM,23.0,80.949,0,0,1,GAS
25.0,MEDIUM,24.0,80.372,0,0,1,GAS
26.0,MEDIUM,25.0,80.593,0,0,1,GAS
27.0,MEDIUM,26.0,80.521,0,0,1,GAS
28.0,MEDIUM,27.0,80.229,0,0,1,GAS
29.0,MEDIUM,28.0,79.376,0,0,1,GAS
30.0,MEDIUM,29.0,81.764,0,0,1,GAS
31.0,MEDIUM,30.0,81.427,0,0,1,GAS
32.0,MEDIUM,31.0,81.121,0,0,1,GAS
33.0,MEDIUM,32.0,80.965,0,0,1,GAS
34.0,MEDIUM,33.0,80.751,0,0,1,GAS
35.0,MEDIUM,34.0,79.361,0,0,1,GAS
36.0,MEDIUM,35.0,79.576,0,0,1,GAS
37.0,MEDIUM,36.0,79.975,0,0,1,GAS
38.0,MEDIUM,37.0,79.428,0,0,1,GAS
39.0,MEDIUM,38.0,80.32,0,0,1,GAS
40.0,MEDIUM,39.0,80.384,0,0,1,GAS
41.0,MEDIUM,40.0,80.2,0,0,1,GAS
42.0,MEDIUM,41.0,79.977,0,0,1,GAS
43.0,MEDIUM,42.0,81.048,0,0,1,GAS
44.0,MEDIUM,43.0,80.621,0,0,1,GAS
45.0,MEDIUM,44.0,79.382,0,0,1,GAS
46.0,MEDIUM,45.0,79.97,0,0,1,GAS
47.0,MEDIUM,46.0,79.435,0,0,1,GAS
48.0,MEDIUM,47.0,79.865,0,0,1,GAS
49.0,MEDIUM,48.0,80.534,0,0,1,GAS
50.0,MEDIUM,49.0,81.023,0,0,1,GAS
51.0,MEDIUM,50.0,84.473,0,0,1,GAS
52.0,MEDIUM,51.0,79.743,0,0,12,GAS
53.0,MEDIUM,52.0,79.917,0,0,1,GAS
54.0,MEDIUM,53.0,79.091,0,0,1,GAS
55.0,MEDIUM,54.0,79.407,0,0,1,GAS
56.0,MEDIUM,55.0,79.704,0,0,1,GAS
57.0,MEDIUM,56.0,79.448,0,0,1,GAS
58.0,MEDIUM,57.0,79.097,0,0,1,GAS
59.0,MEDIUM,58.0,81.378,0,0,1,GAS
60.0,MEDIUM,59.0,80.237,0,0,1,GAS
61.0,MEDIUM,60.0,80.407,0,0,1,GAS
62.0,MEDIUM,61.0,78.469,0,0,1,GAS
63.0,MEDIUM,62.0,79.155,0,0,1,GAS
64.0,MEDIUM,63.0,78.868,0,0,1,GAS
65.0,MEDIUM,64.0,79.22,0,0,1,GAS
66.0,MEDIUM,65.0,78.726,0,0,1,GAS
67.0,MEDIUM,66.0,78.624,0,0,1,GAS
68.0,MEDIUM,67.0,78.545,0,0,1,GAS
69.0,MEDIUM,68.0,78.363,0,0,1,GAS
70.0,MEDIUM,69.0,77.799,0,0,1,GAS
71.0,MEDIUM,70.0,78.14,0,0,1,GAS
72.0,MEDIUM,71.0,78.382,0,0,1,GAS
73.0,MEDIUM,72.0,77.992,0,0,1,GAS
74.0,MEDIUM,73.0,76.689,0,0,1,GAS
75.0,MEDIUM,74.0,78.12,0,0,1,GAS
76.0,MEDIUM,75.0,77.516,0,0,1,GAS
77.0,MEDIUM,76.0,75.625,0,0,1,GAS
